Hernan Alperin|Hernan Alperin|==
Hernan Alperin|Herman Alperin|!=
Hernan Alperin|Hernan Alpine|!=
Hernan Alperin|Hernan M. Alperin|==
Hernan H. Alperin|Hernan M. Alperin|!=
H. Alperin|H. M. Alperin|==
H. Alperin|Hernan Manuel Alperin|==
H. M. Alperin|Hernan Manuel Alperin|==
H. T. Alperin|Hernan Manuel Alperin|!=
H.M.T. Alperin|Hernan Manuel Torres Alperin|==
Hernan Alperin|Hernan Manuel Alperin|==
Hernan M. Alperin|Hernan Manuel Alperin|==
Hernan T. Alperin|Hernan Manuel Alperin|!=
Hernan MT Alperin|Hernan Manuel Torres Alperin|==
Hernan LT Alperin|Hernan Manuel Torres Alperin|!=
H.M. Alperin|Hernan Manuel Torres Alperin|==
H.M.L. Alperin|Hernan Manuel Torres Alperin|!=
H.M. Alperin|Hernan M. Torres Alperin|==
H.M.T. Alperin|Hernan M. Torres Alperin|==
H.M.L. Alperin|Hernan M. Torres Alperin|!=
Hernan Alperin|Hernan M. Torres Alperin|==
Hernan T. Alperin|Hernan M. Torres Alperin|==
Hernan M.T. Alperin|Hernan M. Torres Alperin|==
Hernan M. Alperin|Hernan M. Torres Alperin|==
Hernan M.L. Alperin|Hernan M. Torres Alperin|!=
Hernan Manuel T. Alperin|Hernan M. Torres Alperin|==
Hernan Manuel T. Alperin|Hernan T.M. Alperin|!=
Hernan Manuel Torrés Alperin|Hernan Manuel Torres Alperin|==
Hernan Manuel Teo Alperin|Hernan M. Torres Alperin|!=
Hernan Mendoza Torres Alperin|Hernan Manuel Torres Alperin|!=
Hernan Manuel Torrés Alperin|Hernan M. Torres Alperin|==
Hernan Manuel Torrés Alperin|Hernan Emanuel Torres Alperin|!=
Hernan Manuel L. Alperin|Hernan M. Torres Alperin|!=
Hernan Manuel Alperin|Hernan Torres Alperin|!=
Hernan Hakan Alperin|Hernan H Alperin|==
Hernan Hakan Haidee Alperin|Hernan H. H. Alperin|==
Hernan Hakan Haidee Alperin|Hernan Hakan H. Alperin|==
Hernan Hakan Haidee Alperin|Hernan H. Haidee Alperin|==
Hernan Manuel Alperin|Hernan Torres Alperin|!=
H. Manuel Alperin|Manuel Alperin|==
H. Manuel Alperin|H.M. Alperin|==
H. Manuel Alperin|Hernan M. Alperin|==
H. Manuel Alperin|M. Alperin|==
H. Manuel Alperin|H. Alperin|==
H. Manuel Alperin|L.H.M. Alperin|!=
H. Manuel Alperin|L.H.M. Alperin|!=
H. Manuel X. Alperin|H. Manuel Xavier Alperin|==
H. Manuel X. Alperin|H. Manuel Q. Alperin|!=
H. Manuel Alperin|H. Mendoza Alperin|!=
H. Hernan Alperin|Hernan Alperin|==
H. Hernan Alperin|Haidee Alperin|==
H. Haidee Alperin|H. Hernan Alperin|!=
H. Haidee Alperin|Hernan H. Alperin|==
H.M. Alperin|M. Alperin|!=
H. A. Alperin|H. M. Alperin|!=
H.M.T. Alperin|H. M. Alperin|==
H.L.M.T. Alperin|H. M. Alperin|==
H.L.T. Alperin|H. M. Alperin|!=
H. Alperin|Hernán Alperin|==
M. Alperin|Hernán Alperin|!=
Hernan Alperin|Hernán Alperin|==
Hern Alperin|Hernán Alperin|==
Hern' Alperin|Hernán Alperin|==
Iria del Rio Gayo|Iria del Río Gayo|==
Iria del Rio Gayo|Iria Gayo|==
Iria del Río Gayo|Iria Gayo|==
Iria del Río-Gayo|Iria Río Gayo|==
Iria Delrío-Gayo|Iria Río Gayo|==
A. Holmes|Anta Mes|!=
A. Ye|A. Ye|==
A. Ye|A. Yu|!=
鈴木|鈴木|==
木鈴|鈴木|!=
Poul-Henning Kemp|Poul Henning Kemp|==
Poul Henning-Kemp|Poul Henning Kemp|==
Poul Kemp Henning|Poul Henning Kemp|!=
B. O'Malley|B OMalley|==
B. O'Malley|B. O'Mallet|!=
Bartholomew O'Malley|Bart O'Malley|==
Bartolomeo O'Malley|Bart O'Malley|==
Bartolomeo O'Malley|Bartholomew O'Malley|!=
Bartolomeo O'Malley|Bartholomew O'Malley|!=
Konertz, Wolfgang F.|Konertz, Wolf|==
Mew O'Malley|Bartholomew O'Malley|!=
Jianfei Liu|Jian Liu|==
Jianpeng Liu|Jian Liu|==
Jianpeng Liu|Jianfei Liu|!=
Jinli Cao|Jin-Li Cao|==
Jinli Cao|Jin-Yi Cao|!=
Jinli Cao|Jin Li Cao|==
Jinli Cao|Jin Yi Cao|!=
Jinli Y. Cao|Jin Yi Cao|==
Jinli Y. Cao|Jin-Yi Cao|!=
#Jinli Q. Cao|Jin-Li Cao|==
Jinli Q. Cao|Jin-Yi Cao|!=
#Jinli Q. Cao|Jin Li Cao|==
Jinli Q. Cao|Jin Yi Cao|!=
Jinli Cao|Jin-Li Q. Cao|==
Jinli Cao|Jin-Yi Q. Cao|!=
Jinli Cao|Jin Li Q. Cao|==
Jinli Cao|Jin Yi Q. Cao|!=
Jinli Q. Cao|Jin-Li Q. Cao|==
Jinli Q. Cao|Jin-Yi Q. Cao|!=
Jinli Q. Cao|Jin Li Q. Cao|==
#Jinli Q. Cao|Jin Yi Q. Cao|!=
DeAndre Jordan|De-Andre Jordan|==
DAngelo Jordan|D'Angelo Jordan|==
D'Angelo Jordan|D-Angelo Jordan|==
D'Andre Jordan|D'Angelo Jordan|!=
D-Andre Jordan|D-Angelo Jordan|!=
DeAndre Jordan|D-Angelo Jordan|!=
Jong Kyung Kim|Jong‐Suk Kim|!=
Xiaopeng Zhang|Xiao Feng Zhang|!=
B. O'Malley|B. O'Mal|!=
A Souza|Aline Coelho de Souza|==
Ahmad M F Alam|M Firoz Alam|!=
Byung Se Choi|Byung-Cheul Choi|!=
Chyi Tsong Chen|CHYI-TSONG CHEN|==
D. Hebert|Didier Bert|!=
D. Orris|Douglas N Morris|!=
Douglas Michael Strong|D. ARMSTRONG|!=
S. Hara|Syuichi Kurihara|!=
A. Manikumar|Adarsh M. Kumar|!=
A. Manikumar|Amit Kumar|!=
F De Pinto|Francisco Pinto|==
F Delle Monache|F. Delle Monache|==
F Delle Monache|Franco Delle Monache|==
H.-T. Lee|Hyuk-Jae Lee|!=
J-L LEFAIX|Jean-Louis Lefaix|==
J-M. LEFAIX|Jean-Louis Lefaix|!=
J.-M. Baribeau|Jean-Marie Beau|!=
J.-B. Baribeau|Jean-Marie Beau|!=
Jean-Bari Beau|Jean-Marie Beau|!=
Jean-Bari Beau|Jean Baribeau|!=
I. K K Deurloo|Inger-Karine K Kolkman-Deurloo|==
J. J Connors III|J. J Connors|==
J. J Connors III|J. J Connors III|==
J. J Connors II|J. J Connors III|!=
#J. J Connors II|J. J Connors Jr.|==
J. J Connors III|J. J Connors Jr.|!=
JF Chen|Jing’an Chen|==
Jennifer MacAllen|Jennifer Macallen|==
Jens O Drachmann Bukh|J. D. Bukh|==
M A van den Berg|M Van Den Berg|==
M A van den Berg|M Vandenberg|==
M A van den Berg|M de Boer-van den Berg|==
M A van den Berg|M de Boer-van den|!=
M A de Boer-van den Berg|M de Boer-Vandenberg|==
M A de Boer-Ye|M Drachmann-Ye|!=
M A de Boer-Ye|M Ye|!=
Paul von Ragué Schleyer|Paul v. R. Schleyer|==
Ben Lund|Benjamin Lund|==
Ben D. Lund|Benjamin Lund|==
Ben D. Lund|Benjamin D. Lund|==
Ben D. Lund|Benjamin Q. Lund|!=
Ben Daniel Lund|Benjamin D. Lund|==
Ben Daniel Lund|Benjamin Q. Lund|!=
Ben Daniel Lund|Benjamin Daniel Lund|==
Ben Daniel Lund|Benjamin Dan Lund|==
Ben Dan Lund|Benjamin Daniel Lund|==
Ben Daniel Lund|Benjamin Gabriel Lund|!=
Be Lund|Benjamin Lund|!=
Dave Judd|David Judd|==
Rick Allen|Richard Allen|==
#Rick Allen|Dick Allen|==
Rick Allen|Rich Allen|==
Rick Allen|Rachael Allen|!=
