stella.faerber|Stella J. Faerber
florian.hutzler|Hutzler, Florian
florian.hutzler2|Hutzler, F. D.
sabrinatrapp|Sabrina Trapp
sabrinatrapp2|S. Trapp
meschtyb|Meschtyb, Nina
a.iosup|A Iosup
#silvia.pech|Silvia J Pech Campos
paula.martinez|Martínez, Paula
mariarosaria.dellaperuta|Peruta, Maria Rosaria Della
dambach|Dambacher, Michael
xyxdai|Dai, X.
thwjames|Thomas W. James
reepr|Reep, Roger L.
qshen|Shen, Qi
cowartl|Cowart, L Ashley
jcarbon2|John W Carbone
altinich|Nicholas A. Altieri
liucongqiang|Congqiang Liu
pitt.2|Pitt, Mark A.
jlzhang|Zhang, Junliang
shahvaibhav10|Vaibhav B Shah
alan_engelman|Alan Engelman
ddurkin|Durkin, Daniel W.
bauer|Bauer, Gordon B.
yuen|Hon K Yuen
changcc|Chia-Cheng Chang
mtoplak|Toplak, Maggie E.
pjhagerman|Hagerman, Paul J.
hotu2|Hasan H Otu
rweksb|Weksberg, Rosanna
chmist|Charlotte M. Mistretta
rod.mcclure|Roderick McClure
annamaria.lima|Lima, A.
dhyasui|Dag Yasui
jprao2001|Rao, J. Prakasa
chtwang|Wang, C
mnkim|M N Kim
qtjo|Jo, Q
#emelhevia|Melendez-Hevia, E.
#pieroiaff|Pietro Iaffaldano
#portilio|Portaccio, Emilio
shqpeng|S. Q. Peng
vkw1412|WADHAWAN, V K
li.jing|Li, Jing
#terumiks|Terumi Kohwi-Shigematsu
f_patane|F Patane
raultalb|Raúl Tárraga Albaladejo
#cram021|Czarina Ramos
ank.agr89|Ankit Agrawal
#novhi.itsuzuharuka|novhi haruka
#bodo|Bodo Kahmann
william.monteith|Will Monteith
hansulrich.frink|Hans Ulrich Frink
eduardo.castillero.reyes|Eduardo Castillero Reyes
mylesbraithwaite_Taylor|Myles Taylor
#farhan.fahrurochman|farhan fahru
joseph.m.p.baker|Joseph Baker
#aron|Aron Bijl
鈴木|鈴木
